,address,orderId,symbol,tradeTokenSymbol,quoteTokenSymbol,tradeToken,quoteToken,side,price,quantity,amount,executedQuantity,executedAmount,executedPercent,executedAvgPrice,fee,status,type,createTime,timestamp,usd_value
0,vite_15d3230e3c31c009c968beea7160ae98b491475236ae2cddbc,08ea95d2128374466d94ab822471141989a5fe6672f7fbc8b1cfd0a053a6a490,EPIC-001_BTC-000,EPIC-001,BTC-000,tti_b9d622c68d486aa107a38a16,tti_b90c9baffffc9dae58d1f33f,Buy,0.00000133,343.6,0.00045698,343.6,0.00045699,1.00000000,0.00000133,0.00000103,Filled,0,2021-03-19 23:30:40,1616196640,26.677
1,vite_15d3230e3c31c009c968beea7160ae98b491475236ae2cddbc,0a284f7d05d0968c9193d0dc502b813c070e330c5cce7c896da1e8984d842adf,EPIC-001_BTC-000,EPIC-001,BTC-000,tti_b9d622c68d486aa107a38a16,tti_b90c9baffffc9dae58d1f33f,Buy,0.00000110,323.6,0.00035596,323.6,0.00035596,1.00000000,0.00000110,0.00000080,Filled,0,2021-03-19 07:11:17,1616137877,20.605
2,vite_15d3230e3c31c009c968beea7160ae98b491475236ae2cddbc,ee034401484a23216692bee493b2ffafca27cccfe1b56c4c097bcac71418c215,EPIC-001_BTC-000,EPIC-001,BTC-000,tti_b9d622c68d486aa107a38a16,tti_b90c9baffffc9dae58d1f33f,Buy,0.00000050,1000.0,0.0005,0.0,0.00000000,0.00000000,0.00000000,0.00000000,Cancelled,0,2021-03-19 07:10:59,1616137859,28.943
3,vite_15d3230e3c31c009c968beea7160ae98b491475236ae2cddbc,dffcaa49e01f79899f8b79e61c2dd253b97f406e026b4061fd7f8094e50b17f9,EPIC-001_BTC-000,EPIC-001,BTC-000,tti_b9d622c68d486aa107a38a16,tti_b90c9baffffc9dae58d1f33f,Sell,0.00000328,500.0,0.00164,500.0,0.00164001,1.00000000,0.00000328,0.00000369,Filled,0,2021-03-18 23:51:48,1616111508,93.592
4,vite_15d3230e3c31c009c968beea7160ae98b491475236ae2cddbc,65150d691b74f4500742a7ac37f432c7e78a53b1032b4da6becaf613fff95951,EPIC-001_BTC-000,EPIC-001,BTC-000,tti_b9d622c68d486aa107a38a16,tti_b90c9baffffc9dae58d1f33f,Buy,0.00000209,500.0,0.001045,500.0,0.00104500,1.00000000,0.00000209,0.00000235,Filled,0,2021-03-18 23:51:15,1616111475,59.637
5,vite_15d3230e3c31c009c968beea7160ae98b491475236ae2cddbc,32180bcc58b65ab357f20d40f3046fcdc95b310922b39283695487ae2a9a6105,EPIC-001_BTC-000,EPIC-001,BTC-000,tti_b9d622c68d486aa107a38a16,tti_b90c9baffffc9dae58d1f33f,Sell,0.00000409,500.0,0.002045,0.0,0.00000000,0.00000000,0.00000000,0.00000000,Cancelled,0,2021-03-18 11:26:48,1616066808,119.241
6,vite_15d3230e3c31c009c968beea7160ae98b491475236ae2cddbc,d3a83545adb7937ebf7e58a5decd9301aa55ea350b2493d98392e412297deb27,EPIC-001_BTC-000,EPIC-001,BTC-000,tti_b9d622c68d486aa107a38a16,tti_b90c9baffffc9dae58d1f33f,Buy,0.00000250,717.4,0.0017935,717.4,0.00179350,1.00000000,0.00000250,0.00000404,Filled,0,2021-03-18 06:52:26,1616050346,105.144
7,vite_15d3230e3c31c009c968beea7160ae98b491475236ae2cddbc,11102608a63de193f3cd01fc89cd2890ed90f92aff761ff30f782a25a7883ff2,EPIC-001_BTC-000,EPIC-001,BTC-000,tti_b9d622c68d486aa107a38a16,tti_b90c9baffffc9dae58d1f33f,Sell,0.00000469,500.0,0.002345,500.0,0.00234500,1.00000000,0.00000469,0.00000527,Filled,0,2021-03-17 22:57:14,1616021834,137.371
8,vite_15d3230e3c31c009c968beea7160ae98b491475236ae2cddbc,f13c84aff36fbd918bf8f5b4f619925bec2c764857bbd23047c751ba164deed9,EPIC-001_BTC-000,EPIC-001,BTC-000,tti_b9d622c68d486aa107a38a16,tti_b90c9baffffc9dae58d1f33f,Buy,0.00000200,626.3,0.0012526,626.3,0.00125260,1.00000000,0.00000200,0.00000281,Filled,0,2021-03-17 20:43:32,1616013812,72.717
9,vite_15d3230e3c31c009c968beea7160ae98b491475236ae2cddbc,9d221569f30af0e88da8fc8376cd83966f1ab42322c900add71028d950bc1970,EPIC-001_BTC-000,EPIC-001,BTC-000,tti_b9d622c68d486aa107a38a16,tti_b90c9baffffc9dae58d1f33f,Buy,0.00000050,1000.0,0.0005,0.0,0.00000000,0.00000000,0.00000000,0.00000000,Open,0,2021-03-17 20:43:13,1616013793,29.026
10,vite_15d3230e3c31c009c968beea7160ae98b491475236ae2cddbc,8b0c1ea6d51d307099ecf9cc873fc6a800fca7ce2c058db12e6c37ffd0b6c5da,EPIC-001_BTC-000,EPIC-001,BTC-000,tti_b9d622c68d486aa107a38a16,tti_b90c9baffffc9dae58d1f33f,Buy,0.00000003,5000.0,0.00015,0.0,0.00000000,0.00000000,0.00000000,0.00000000,Open,0,2021-03-17 20:42:16,1616013736,8.708
11,vite_15d3230e3c31c009c968beea7160ae98b491475236ae2cddbc,ed6d51caac9f8990d9935f0f95e783543547a6ed64de13b18268968cec779b6a,EPIC-001_BTC-000,EPIC-001,BTC-000,tti_b9d622c68d486aa107a38a16,tti_b90c9baffffc9dae58d1f33f,Buy,0.00000254,500.0,0.00127,500.0,0.00127000,1.00000000,0.00000254,0.00000286,Filled,0,2021-03-17 15:06:29,1615993589,69.707
12,vite_15d3230e3c31c009c968beea7160ae98b491475236ae2cddbc,37e73cffa99f71db0117b73841abdeabfbee9f848aec2fa97fec4b907f2bd080,EPIC-001_BTC-000,EPIC-001,BTC-000,tti_b9d622c68d486aa107a38a16,tti_b90c9baffffc9dae58d1f33f,Buy,0.00000345,500.0,0.001725,500.0,0.00172500,1.00000000,0.00000345,0.00000388,Filled,0,2021-03-16 23:24:02,1615937042,97.355
13,vite_15d3230e3c31c009c968beea7160ae98b491475236ae2cddbc,2d76cbaea29cdb07de1927d4bdb48553003dd23d64d1fc423232bd20efe469d3,EPIC-001_BTC-000,EPIC-001,BTC-000,tti_b9d622c68d486aa107a38a16,tti_b90c9baffffc9dae58d1f33f,Sell,0.00000569,500.0,0.002845,500.0,0.00284500,1.00000000,0.00000569,0.00000640,Filled,0,2021-03-16 15:18:15,1615907895,158.453
14,vite_15d3230e3c31c009c968beea7160ae98b491475236ae2cddbc,47d2fa6b6fea920930657481af8342cd408123bd595338b686ed9e9ef0141aaa,EPIC-001_BTC-000,EPIC-001,BTC-000,tti_b9d622c68d486aa107a38a16,tti_b90c9baffffc9dae58d1f33f,Buy,0.00000246,449.5,0.00110577,449.5,0.00110577,1.00000000,0.00000246,0.00000249,Filled,0,2021-03-16 15:17:53,1615907873,61.586
15,vite_15d3230e3c31c009c968beea7160ae98b491475236ae2cddbc,c07748b04b392f968eb45843023d8202f3f7cf7286fa7d613f5b5839f22e66c1,EPIC-001_BTC-000,EPIC-001,BTC-000,tti_b9d622c68d486aa107a38a16,tti_b90c9baffffc9dae58d1f33f,Buy,0.00000192,768.0,0.00147456,768.0,0.00147456,1.00000000,0.00000192,0.00000331,Filled,0,2021-03-16 15:17:25,1615907845,82.126
16,vite_15d3230e3c31c009c968beea7160ae98b491475236ae2cddbc,4ec49f0770472dfb7f8753815343c405c42519b275cced79deb99b8a11f4bc52,EPIC-001_BTC-000,EPIC-001,BTC-000,tti_b9d622c68d486aa107a38a16,tti_b90c9baffffc9dae58d1f33f,Buy,0.00000125,500.0,0.000625,500.0,0.00062500,1.00000000,0.00000125,0.00000141,Filled,0,2021-03-16 15:16:17,1615907777,34.809
17,vite_15d3230e3c31c009c968beea7160ae98b491475236ae2cddbc,b4a648c4805e9114b6677bce6129226d1678b6cdc3a15d131756af0a448b56d1,EPIC-001_BTC-000,EPIC-001,BTC-000,tti_b9d622c68d486aa107a38a16,tti_b90c9baffffc9dae58d1f33f,Buy,0.00000190,500.0,0.00095,0.0,0.00000000,0.00000000,0.00000000,0.00000000,Cancelled,0,2021-03-16 15:15:23,1615907723,52.91
18,vite_15d3230e3c31c009c968beea7160ae98b491475236ae2cddbc,7d9dfa3d1ecee7c5b356d8205cd0e83b97a3787a465244109de7afae9e7574f7,EPIC-001_BTC-000,EPIC-001,BTC-000,tti_b9d622c68d486aa107a38a16,tti_b90c9baffffc9dae58d1f33f,Sell,0.00000679,500.0,0.003395,500.0,0.00339500,1.00000000,0.00000679,0.00000764,Filled,0,2021-03-16 09:13:56,1615886036,190.169
19,vite_15d3230e3c31c009c968beea7160ae98b491475236ae2cddbc,07cbc99e77226fd1f377e74e1f595eb272b5ed6b932945cae0c08f6c3aea40c8,EPIC-001_BTC-000,EPIC-001,BTC-000,tti_b9d622c68d486aa107a38a16,tti_b90c9baffffc9dae58d1f33f,Sell,0.00000687,500.0,0.003435,0.0,0.00000000,0.00000000,0.00000000,0.00000000,Cancelled,0,2021-03-16 07:52:09,1615881129,191.788
20,vite_15d3230e3c31c009c968beea7160ae98b491475236ae2cddbc,f1f68fed849a8c9f5dbd608020803ad2122271367ba93b93c04ea775b88017f1,EPIC-001_BTC-000,EPIC-001,BTC-000,tti_b9d622c68d486aa107a38a16,tti_b90c9baffffc9dae58d1f33f,Buy,0.00000345,454.0,0.0015663,454.0,0.00156630,1.00000000,0.00000345,0.00000352,Filled,0,2021-03-15 23:31:31,1615851091,86.632
21,vite_15d3230e3c31c009c968beea7160ae98b491475236ae2cddbc,b6b48d7ac8bf234ae0996ef937b50d13beba1fa715b5019450ffab5983887db9,EPIC-001_BTC-000,EPIC-001,BTC-000,tti_b9d622c68d486aa107a38a16,tti_b90c9baffffc9dae58d1f33f,Buy,0.00000290,500.0,0.00145,0.0,0.00000000,0.00000000,0.00000000,0.00000000,Cancelled,0,2021-03-15 23:30:42,1615851042,80.2
22,vite_15d3230e3c31c009c968beea7160ae98b491475236ae2cddbc,ed4da4da25a02ae0b2d914ada12611c73e553a1c9a04e62f3e6b41bfa5e79d0b,EPIC-001_BTC-000,EPIC-001,BTC-000,tti_b9d622c68d486aa107a38a16,tti_b90c9baffffc9dae58d1f33f,Buy,0.00000412,500.0,0.00206,500.0,0.00206000,1.00000000,0.00000412,0.00000464,Filled,0,2021-03-15 23:30:10,1615851010,113.939
23,vite_15d3230e3c31c009c968beea7160ae98b491475236ae2cddbc,60a12b1891bc1881f7b8b1c1a490103baf329be413fcf6b4f0ea98bdf4206f99,EPIC-001_BTC-000,EPIC-001,BTC-000,tti_b9d622c68d486aa107a38a16,tti_b90c9baffffc9dae58d1f33f,Buy,0.00000433,200.0,0.000866,0.0,0.00000000,0.00000000,0.00000000,0.00000000,Cancelled,0,2021-03-15 09:52:35,1615801955,48.557
24,vite_15d3230e3c31c009c968beea7160ae98b491475236ae2cddbc,7f2d965c90bd26065278e9b80e409d622e78df59dc0a49ec91377b6f2d62bc22,EPIC-001_BTC-000,EPIC-001,BTC-000,tti_b9d622c68d486aa107a38a16,tti_b90c9baffffc9dae58d1f33f,Buy,0.00000433,200.0,0.000866,0.0,0.00000000,0.00000000,0.00000000,0.00000000,Cancelled,0,2021-03-15 09:51:30,1615801890,48.557
25,vite_15d3230e3c31c009c968beea7160ae98b491475236ae2cddbc,57653361f3eb2d4f6cdf4bad4ef64f314e927d78cbd1d785a6eca995a66a4603,EPIC-001_BTC-000,EPIC-001,BTC-000,tti_b9d622c68d486aa107a38a16,tti_b90c9baffffc9dae58d1f33f,Buy,0.00000433,200.0,0.000866,0.0,0.00000000,0.00000000,0.00000000,0.00000000,Cancelled,0,2021-03-15 09:50:23,1615801823,48.557
26,vite_15d3230e3c31c009c968beea7160ae98b491475236ae2cddbc,96f0ab76b9503e2565d50d182c4f775398901761025acf3ba455d87c35f6f960,EPIC-001_BTC-000,EPIC-001,BTC-000,tti_b9d622c68d486aa107a38a16,tti_b90c9baffffc9dae58d1f33f,Sell,0.00000666,200.0,0.001332,0.0,0.00000000,0.00000000,0.00000000,0.00000000,Cancelled,0,2021-03-15 09:49:17,1615801757,74.686
27,vite_15d3230e3c31c009c968beea7160ae98b491475236ae2cddbc,79e602aebe2aaa00141a8e13af37fe5db5108d25661894aaf79a75c6f8faac59,EPIC-001_BTC-000,EPIC-001,BTC-000,tti_b9d622c68d486aa107a38a16,tti_b90c9baffffc9dae58d1f33f,Sell,0.00000666,200.0,0.001332,0.0,0.00000000,0.00000000,0.00000000,0.00000000,Cancelled,0,2021-03-15 09:48:11,1615801691,74.686
28,vite_15d3230e3c31c009c968beea7160ae98b491475236ae2cddbc,e826fc040ff3545f0b3a0aab1d14f339d6454e1ad5aeb846b98434725f64f747,EPIC-001_BTC-000,EPIC-001,BTC-000,tti_b9d622c68d486aa107a38a16,tti_b90c9baffffc9dae58d1f33f,Buy,0.00000433,200.0,0.000866,0.0,0.00000000,0.00000000,0.00000000,0.00000000,Cancelled,0,2021-03-15 09:48:11,1615801691,48.557
29,vite_15d3230e3c31c009c968beea7160ae98b491475236ae2cddbc,2e1cf7b0660664ddff740c09ff28d20366f3a1184eef4bf7055c2daffbbdd031,EPIC-001_BTC-000,EPIC-001,BTC-000,tti_b9d622c68d486aa107a38a16,tti_b90c9baffffc9dae58d1f33f,Sell,0.00000666,200.0,0.001332,0.0,0.00000000,0.00000000,0.00000000,0.00000000,Cancelled,0,2021-03-15 09:47:05,1615801625,74.686
30,vite_15d3230e3c31c009c968beea7160ae98b491475236ae2cddbc,8e19b9c90dae60bc0174374762a73c52e18c67ec713eccb585fb662fe96204fb,EPIC-001_BTC-000,EPIC-001,BTC-000,tti_b9d622c68d486aa107a38a16,tti_b90c9baffffc9dae58d1f33f,Sell,0.00000666,200.0,0.001332,0.0,0.00000000,0.00000000,0.00000000,0.00000000,Cancelled,0,2021-03-15 09:46:00,1615801560,74.686
31,vite_15d3230e3c31c009c968beea7160ae98b491475236ae2cddbc,91993bc2570164919c2ad6a16cf2cd11f7e7b53f593f63479c1b1a5100ef0025,EPIC-001_BTC-000,EPIC-001,BTC-000,tti_b9d622c68d486aa107a38a16,tti_b90c9baffffc9dae58d1f33f,Buy,0.00000433,200.0,0.000866,0.0,0.00000000,0.00000000,0.00000000,0.00000000,Cancelled,0,2021-03-15 09:45:59,1615801559,48.557
32,vite_15d3230e3c31c009c968beea7160ae98b491475236ae2cddbc,80e24e1ecaa8673a26906e9061dd00cfba76c2bfbaead15d4af898f0499f85d8,EPIC-001_BTC-000,EPIC-001,BTC-000,tti_b9d622c68d486aa107a38a16,tti_b90c9baffffc9dae58d1f33f,Buy,0.00000433,200.0,0.000866,0.0,0.00000000,0.00000000,0.00000000,0.00000000,Cancelled,0,2021-03-15 09:44:53,1615801493,48.557
33,vite_15d3230e3c31c009c968beea7160ae98b491475236ae2cddbc,6651861291376f6729364febf77dd986cb0797d69dd3c403a9e0aef8c5e933e2,EPIC-001_BTC-000,EPIC-001,BTC-000,tti_b9d622c68d486aa107a38a16,tti_b90c9baffffc9dae58d1f33f,Sell,0.00000666,200.0,0.001332,0.0,0.00000000,0.00000000,0.00000000,0.00000000,Cancelled,0,2021-03-15 09:43:48,1615801428,74.686
34,vite_15d3230e3c31c009c968beea7160ae98b491475236ae2cddbc,0572c41698b37b8ed6f55d83292c7215f96879b75a38295c5c004e22c21bc550,EPIC-001_BTC-000,EPIC-001,BTC-000,tti_b9d622c68d486aa107a38a16,tti_b90c9baffffc9dae58d1f33f,Buy,0.00000433,200.0,0.000866,0.0,0.00000000,0.00000000,0.00000000,0.00000000,Cancelled,0,2021-03-15 09:43:48,1615801428,48.557
35,vite_15d3230e3c31c009c968beea7160ae98b491475236ae2cddbc,9e636932e0077d31d02a521fda0f9ca4fac40f2b6b6aa21f6c968cccb04cf844,EPIC-001_BTC-000,EPIC-001,BTC-000,tti_b9d622c68d486aa107a38a16,tti_b90c9baffffc9dae58d1f33f,Sell,0.00000666,200.0,0.001332,0.0,0.00000000,0.00000000,0.00000000,0.00000000,Cancelled,0,2021-03-15 09:42:40,1615801360,74.686
36,vite_15d3230e3c31c009c968beea7160ae98b491475236ae2cddbc,f5fc2a8209ebbcd514f8bd69c749112c15432fd808e63d4fbbe7081eec8fb107,EPIC-001_BTC-000,EPIC-001,BTC-000,tti_b9d622c68d486aa107a38a16,tti_b90c9baffffc9dae58d1f33f,Sell,0.00000666,200.0,0.001332,0.0,0.00000000,0.00000000,0.00000000,0.00000000,Cancelled,0,2021-03-15 09:41:34,1615801294,74.686
37,vite_15d3230e3c31c009c968beea7160ae98b491475236ae2cddbc,10fe9bee374661ce6c0781bf4a1a092ed0cb90f20b3b3750dd438b85359df601,EPIC-001_BTC-000,EPIC-001,BTC-000,tti_b9d622c68d486aa107a38a16,tti_b90c9baffffc9dae58d1f33f,Buy,0.00000433,200.0,0.000866,0.0,0.00000000,0.00000000,0.00000000,0.00000000,Cancelled,0,2021-03-15 09:41:34,1615801294,48.557
38,vite_15d3230e3c31c009c968beea7160ae98b491475236ae2cddbc,0254028f126ad7cf4f780f420d8d766822580746c2083b83678f1e056e0ef54d,EPIC-001_BTC-000,EPIC-001,BTC-000,tti_b9d622c68d486aa107a38a16,tti_b90c9baffffc9dae58d1f33f,Buy,0.00000432,200.0,0.000864,0.0,0.00000000,0.00000000,0.00000000,0.00000000,Cancelled,0,2021-03-15 09:40:28,1615801228,48.445
39,vite_15d3230e3c31c009c968beea7160ae98b491475236ae2cddbc,9c466c3cb9809221fea15ba8bb010366ceb428e6e9637cbb29f3d9143b9ce65b,EPIC-001_BTC-000,EPIC-001,BTC-000,tti_b9d622c68d486aa107a38a16,tti_b90c9baffffc9dae58d1f33f,Sell,0.00000666,200.0,0.001332,0.0,0.00000000,0.00000000,0.00000000,0.00000000,Cancelled,0,2021-03-15 09:39:23,1615801163,74.686
40,vite_15d3230e3c31c009c968beea7160ae98b491475236ae2cddbc,d32b1309cc3c4965b42e775aa4bcbfcf8813476c484dedc3bffb90c57d9d2082,EPIC-001_BTC-000,EPIC-001,BTC-000,tti_b9d622c68d486aa107a38a16,tti_b90c9baffffc9dae58d1f33f,Buy,0.00000432,200.0,0.000864,0.0,0.00000000,0.00000000,0.00000000,0.00000000,Cancelled,0,2021-03-15 09:39:22,1615801162,48.445
41,vite_15d3230e3c31c009c968beea7160ae98b491475236ae2cddbc,f7dcf0a7ce0788f8a08f2d54a6e6b3275dba590e95ee67e26862f942ce7f2390,EPIC-001_BTC-000,EPIC-001,BTC-000,tti_b9d622c68d486aa107a38a16,tti_b90c9baffffc9dae58d1f33f,Buy,0.00000433,200.0,0.000866,0.0,0.00000000,0.00000000,0.00000000,0.00000000,Cancelled,0,2021-03-15 09:38:16,1615801096,48.557
42,vite_15d3230e3c31c009c968beea7160ae98b491475236ae2cddbc,64fb27070f5720a1e0e038af5cebf7f38b4d0823e4800dcfc6324fffa7f909db,EPIC-001_BTC-000,EPIC-001,BTC-000,tti_b9d622c68d486aa107a38a16,tti_b90c9baffffc9dae58d1f33f,Buy,0.00000432,200.0,0.000864,0.0,0.00000000,0.00000000,0.00000000,0.00000000,Cancelled,0,2021-03-15 09:37:11,1615801031,48.445
43,vite_15d3230e3c31c009c968beea7160ae98b491475236ae2cddbc,3d16ab12f08ee2cd382fe5d6b8da65fb0b5f0ff53737470e991924bc5310c9e0,EPIC-001_BTC-000,EPIC-001,BTC-000,tti_b9d622c68d486aa107a38a16,tti_b90c9baffffc9dae58d1f33f,Sell,0.00000666,200.0,0.001332,0.0,0.00000000,0.00000000,0.00000000,0.00000000,Cancelled,0,2021-03-15 09:37:10,1615801030,74.686
44,vite_15d3230e3c31c009c968beea7160ae98b491475236ae2cddbc,e4b6224181041421c8434c57d93ab8dfd3c032c3318e24619180a29f435ee6fa,EPIC-001_BTC-000,EPIC-001,BTC-000,tti_b9d622c68d486aa107a38a16,tti_b90c9baffffc9dae58d1f33f,Sell,0.00000799,500.0,0.003995,0.0,0.00000000,0.00000000,0.00000000,0.00000000,Cancelled,0,2021-03-15 08:35:57,1615797357,226.649
45,vite_15d3230e3c31c009c968beea7160ae98b491475236ae2cddbc,e967844b8983c39293a26db008b5c13669f2e868ae66208a0875864820073634,EPIC-001_BTC-000,EPIC-001,BTC-000,tti_b9d622c68d486aa107a38a16,tti_b90c9baffffc9dae58d1f33f,Buy,0.00000399,500.0,0.001995,0.0,0.00000000,0.00000000,0.00000000,0.00000000,Cancelled,0,2021-03-15 08:35:15,1615797315,113.183
46,vite_15d3230e3c31c009c968beea7160ae98b491475236ae2cddbc,79e9743f442641141929cf77b93e78289c78ba30a9b49280eaf16339f3f93281,EPIC-001_BTC-000,EPIC-001,BTC-000,tti_b9d622c68d486aa107a38a16,tti_b90c9baffffc9dae58d1f33f,Buy,0.00000299,500.0,0.001495,500.0,0.00149500,1.00000000,0.00000299,0.00000336,Filled,0,2021-03-15 08:35:09,1615797309,84.816
47,vite_15d3230e3c31c009c968beea7160ae98b491475236ae2cddbc,9998a9a578b380c186c74c0520d43f18f07ea4fb3ec3bf30debd348294696fee,EPIC-001_BTC-000,EPIC-001,BTC-000,tti_b9d622c68d486aa107a38a16,tti_b90c9baffffc9dae58d1f33f,Buy,0.00000499,500.0,0.002495,500.0,0.00249500,1.00000000,0.00000499,0.00000561,Filled,0,2021-03-14 22:42:42,1615761762,150.096
48,vite_15d3230e3c31c009c968beea7160ae98b491475236ae2cddbc,ef25be4fbaa4f7671b550506d4627ac22ae44d51d3b7733aa0c97657f2e0b9ea,EPIC-001_BTC-000,EPIC-001,BTC-000,tti_b9d622c68d486aa107a38a16,tti_b90c9baffffc9dae58d1f33f,Sell,0.00000907,500.0,0.004535,0.0,0.00000000,0.00000000,0.00000000,0.00000000,Cancelled,0,2021-03-14 18:51:48,1615747908,272.124
49,vite_15d3230e3c31c009c968beea7160ae98b491475236ae2cddbc,a9ed05682db042c7a90d6f6daa6f99cd6bd0acc4ea3f1623322fa752a3d65d99,EPIC-001_BTC-000,EPIC-001,BTC-000,tti_b9d622c68d486aa107a38a16,tti_b90c9baffffc9dae58d1f33f,Sell,0.00000707,500.0,0.003535,500.0,0.00353500,1.00000000,0.00000707,0.00000795,Filled,0,2021-03-14 18:51:26,1615747886,212.119
50,vite_15d3230e3c31c009c968beea7160ae98b491475236ae2cddbc,667b442507740ef814f1d0c7f76bb96119802499961b1ffeba2ac09841fac58a,EPIC-001_BTC-000,EPIC-001,BTC-000,tti_b9d622c68d486aa107a38a16,tti_b90c9baffffc9dae58d1f33f,Buy,0.00000333,545.1,0.00181518,545.1,0.00181518,1.00000000,0.00000333,0.00000408,Filled,0,2021-03-14 10:52:03,1615719123,108.842
51,vite_15d3230e3c31c009c968beea7160ae98b491475236ae2cddbc,8f9f77a8e29d8fef8b7d8d243fcd48dee70b7fce4d5867d38b6a8a48131ecbfb,EPIC-001_BTC-000,EPIC-001,BTC-000,tti_b9d622c68d486aa107a38a16,tti_b90c9baffffc9dae58d1f33f,Sell,0.00000545,1000.0,0.00545,1000.0,0.00545001,1.00000000,0.00000545,0.00001227,Filled,0,2021-03-14 10:50:23,1615719023,326.794
52,vite_15d3230e3c31c009c968beea7160ae98b491475236ae2cddbc,0f5af670605b41c492ecb25115ae12eaef39a9214f9a113438624dd83695aa51,EPIC-001_BTC-000,EPIC-001,BTC-000,tti_b9d622c68d486aa107a38a16,tti_b90c9baffffc9dae58d1f33f,Buy,0.00000275,369.0,0.00101475,369.0,0.00101475,1.00000000,0.00000275,0.00000228,Filled,0,2021-03-12 22:04:20,1615586660,58.059
53,vite_15d3230e3c31c009c968beea7160ae98b491475236ae2cddbc,0bd62111dfcee7a4998c64da4aa3d381fb8e10161bca3b526bf8504c8e4920e3,EPIC-001_BTC-000,EPIC-001,BTC-000,tti_b9d622c68d486aa107a38a16,tti_b90c9baffffc9dae58d1f33f,Buy,0.00000389,260.7,0.00101412,260.7,0.00101412,1.00000000,0.00000389,0.00000228,Filled,0,2021-03-12 19:35:18,1615577718,57.539
54,vite_15d3230e3c31c009c968beea7160ae98b491475236ae2cddbc,f126ed3c91c94a640bc36e239af5d3c133f71bac77d793f5cad0bfef70a73035,EPIC-001_BTC-000,EPIC-001,BTC-000,tti_b9d622c68d486aa107a38a16,tti_b90c9baffffc9dae58d1f33f,Buy,0.00000317,639.9,0.00202848,639.9,0.00202848,1.00000000,0.00000317,0.00000456,Filled,0,2021-03-12 15:59:03,1615564743,116.238
55,vite_15d3230e3c31c009c968beea7160ae98b491475236ae2cddbc,fa55a6e378be199a673f8fa071bf1e4b573c781ab9b5ddd8ed688bd95af683e4,EPIC-001_BTC-000,EPIC-001,BTC-000,tti_b9d622c68d486aa107a38a16,tti_b90c9baffffc9dae58d1f33f,Buy,0.00000606,669.5,0.00405717,669.5,0.00405717,1.00000000,0.00000606,0.00000913,Filled,0,2021-03-12 14:14:22,1615558462,226.599
56,vite_15d3230e3c31c009c968beea7160ae98b491475236ae2cddbc,1b4eed7bcae0eb038c97404fa903e8bbfb8d60fba512f5b88a363a2afbd69745,EPIC-001_BTC-000,EPIC-001,BTC-000,tti_b9d622c68d486aa107a38a16,tti_b90c9baffffc9dae58d1f33f,Buy,0.00000421,642.4,0.0027045,642.4,0.00270450,1.00000000,0.00000421,0.00000609,Filled,0,2021-03-12 14:09:15,1615558155,151.05
57,vite_15d3230e3c31c009c968beea7160ae98b491475236ae2cddbc,cc3fc8f3c59edb7e38468dbbc65bac283d3047a71f3305a0466aac26fd572353,EPIC-001_BTC-000,EPIC-001,BTC-000,tti_b9d622c68d486aa107a38a16,tti_b90c9baffffc9dae58d1f33f,Buy,0.00000502,718.3,0.00360586,718.3,0.00360587,1.00000000,0.00000502,0.00000811,Filled,0,2021-03-12 14:09:04,1615558144,201.392
58,vite_15d3230e3c31c009c968beea7160ae98b491475236ae2cddbc,9c5443c7d5664ad75b4ee7cb8a9989cb542f19d52d8d74aa703ef7c34bdff4c7,EPIC-001_BTC-000,EPIC-001,BTC-000,tti_b9d622c68d486aa107a38a16,tti_b90c9baffffc9dae58d1f33f,Sell,0.00000908,200.0,0.001816,0.0,0.00000000,0.00000000,0.00000000,0.00000000,Cancelled,0,2021-03-12 14:04:27,1615557867,101.426
59,vite_15d3230e3c31c009c968beea7160ae98b491475236ae2cddbc,997017891f3488b37adc04c9ccc8a66c797c9d14e7b925aae3b52d288eab1478,EPIC-001_BTC-000,EPIC-001,BTC-000,tti_b9d622c68d486aa107a38a16,tti_b90c9baffffc9dae58d1f33f,Sell,0.00000908,200.0,0.001816,0.0,0.00000000,0.00000000,0.00000000,0.00000000,Cancelled,0,2021-03-12 14:03:18,1615557798,101.426
60,vite_15d3230e3c31c009c968beea7160ae98b491475236ae2cddbc,faac5f6f19bebc25e73f6ace174c11aee1bdfdf1310dac72490e03c233141560,EPIC-001_BTC-000,EPIC-001,BTC-000,tti_b9d622c68d486aa107a38a16,tti_b90c9baffffc9dae58d1f33f,Buy,0.00000501,200.0,0.001002,0.0,0.00000000,0.00000000,0.00000000,0.00000000,Cancelled,0,2021-03-12 14:03:18,1615557798,55.963
61,vite_15d3230e3c31c009c968beea7160ae98b491475236ae2cddbc,d01e7a78b76fab9600f6249a29c79b8cdca10fd5c6afa2e1f4d441ec379f1ad8,EPIC-001_BTC-000,EPIC-001,BTC-000,tti_b9d622c68d486aa107a38a16,tti_b90c9baffffc9dae58d1f33f,Buy,0.00000501,200.0,0.001002,0.0,0.00000000,0.00000000,0.00000000,0.00000000,Cancelled,0,2021-03-12 14:02:12,1615557732,55.963
62,vite_15d3230e3c31c009c968beea7160ae98b491475236ae2cddbc,0ded54a3e538aff53222f8b8375df119faddd7fb7971fe1b76d4015ab04079f0,EPIC-001_BTC-000,EPIC-001,BTC-000,tti_b9d622c68d486aa107a38a16,tti_b90c9baffffc9dae58d1f33f,Sell,0.00000908,200.0,0.001816,0.0,0.00000000,0.00000000,0.00000000,0.00000000,Cancelled,0,2021-03-12 14:01:09,1615557669,101.426
63,vite_15d3230e3c31c009c968beea7160ae98b491475236ae2cddbc,c6bc0c59e5c9be3b3474948a9402bbf6c81f7f3886c469ccfdf0b610f41f8001,EPIC-001_BTC-000,EPIC-001,BTC-000,tti_b9d622c68d486aa107a38a16,tti_b90c9baffffc9dae58d1f33f,Buy,0.00000501,200.0,0.001002,0.0,0.00000000,0.00000000,0.00000000,0.00000000,Cancelled,0,2021-03-12 14:01:09,1615557669,55.963
64,vite_15d3230e3c31c009c968beea7160ae98b491475236ae2cddbc,df0ce26dd64d8456d0145e5e5b5612f7de663cb96f493909c7a1356ab961285a,EPIC-001_BTC-000,EPIC-001,BTC-000,tti_b9d622c68d486aa107a38a16,tti_b90c9baffffc9dae58d1f33f,Buy,0.00000501,200.0,0.001002,0.0,0.00000000,0.00000000,0.00000000,0.00000000,Cancelled,0,2021-03-12 14:00:03,1615557603,55.963
65,vite_15d3230e3c31c009c968beea7160ae98b491475236ae2cddbc,de8a7c72b0251609e34ab81e0fc40279d704b9d413a3d3facffce24208ee7fa3,EPIC-001_BTC-000,EPIC-001,BTC-000,tti_b9d622c68d486aa107a38a16,tti_b90c9baffffc9dae58d1f33f,Sell,0.00000908,200.0,0.001816,0.0,0.00000000,0.00000000,0.00000000,0.00000000,Cancelled,0,2021-03-12 13:58:54,1615557534,101.426
66,vite_15d3230e3c31c009c968beea7160ae98b491475236ae2cddbc,4279c0be99bacf268d24b4480c37c3baf26a9f9576aa0307ca3f8fc821e01702,EPIC-001_BTC-000,EPIC-001,BTC-000,tti_b9d622c68d486aa107a38a16,tti_b90c9baffffc9dae58d1f33f,Buy,0.00000501,200.0,0.001002,0.0,0.00000000,0.00000000,0.00000000,0.00000000,Cancelled,0,2021-03-12 13:58:54,1615557534,55.963
67,vite_15d3230e3c31c009c968beea7160ae98b491475236ae2cddbc,18f3837f8689201e876f7adffd1d4483bc00fb2d3b1ede8a28848552c730fc74,EPIC-001_BTC-000,EPIC-001,BTC-000,tti_b9d622c68d486aa107a38a16,tti_b90c9baffffc9dae58d1f33f,Buy,0.00000501,200.0,0.001002,0.0,0.00000000,0.00000000,0.00000000,0.00000000,Cancelled,0,2021-03-12 13:57:48,1615557468,55.963
68,vite_15d3230e3c31c009c968beea7160ae98b491475236ae2cddbc,762c9f88da8c9871ed977eb467a990f7c12a273c5216c03dec6b87ea5be9ac5a,EPIC-001_BTC-000,EPIC-001,BTC-000,tti_b9d622c68d486aa107a38a16,tti_b90c9baffffc9dae58d1f33f,Sell,0.00000908,200.0,0.001816,0.0,0.00000000,0.00000000,0.00000000,0.00000000,Cancelled,0,2021-03-12 13:56:42,1615557402,101.426
69,vite_15d3230e3c31c009c968beea7160ae98b491475236ae2cddbc,dd37eb5d767fa264e756cec58ff8585466ec97041cf358c699dfdce85e50701a,EPIC-001_BTC-000,EPIC-001,BTC-000,tti_b9d622c68d486aa107a38a16,tti_b90c9baffffc9dae58d1f33f,Buy,0.00000501,200.0,0.001002,0.0,0.00000000,0.00000000,0.00000000,0.00000000,Cancelled,0,2021-03-12 13:56:42,1615557402,55.963
70,vite_15d3230e3c31c009c968beea7160ae98b491475236ae2cddbc,9103c9e03eda5cd95162e36d7ffc07945621b85adce9d99b56480eb29cde715e,EPIC-001_BTC-000,EPIC-001,BTC-000,tti_b9d622c68d486aa107a38a16,tti_b90c9baffffc9dae58d1f33f,Buy,0.00000501,200.0,0.001002,0.0,0.00000000,0.00000000,0.00000000,0.00000000,Cancelled,0,2021-03-12 13:55:36,1615557336,55.963
71,vite_15d3230e3c31c009c968beea7160ae98b491475236ae2cddbc,c2020fddccac52597f5fbc65ed7dd56094c29f41c1b5804cb032e70da887dc02,EPIC-001_BTC-000,EPIC-001,BTC-000,tti_b9d622c68d486aa107a38a16,tti_b90c9baffffc9dae58d1f33f,Buy,0.00000501,200.0,0.001002,0.0,0.00000000,0.00000000,0.00000000,0.00000000,Cancelled,0,2021-03-12 13:54:30,1615557270,55.963
72,vite_15d3230e3c31c009c968beea7160ae98b491475236ae2cddbc,e98be4dce93150e572a5542acfc2aa113ac28a1ccf6f15fa5805cbecc275c1a3,EPIC-001_BTC-000,EPIC-001,BTC-000,tti_b9d622c68d486aa107a38a16,tti_b90c9baffffc9dae58d1f33f,Sell,0.00000908,200.0,0.001816,0.0,0.00000000,0.00000000,0.00000000,0.00000000,Cancelled,0,2021-03-12 13:54:30,1615557270,101.426
73,vite_15d3230e3c31c009c968beea7160ae98b491475236ae2cddbc,9d82cc58e5fa84004b51d10a7079cbdfb684718e5e32fb8b68d77efae2f18823,EPIC-001_BTC-000,EPIC-001,BTC-000,tti_b9d622c68d486aa107a38a16,tti_b90c9baffffc9dae58d1f33f,Sell,0.00000908,200.0,0.001816,0.0,0.00000000,0.00000000,0.00000000,0.00000000,Cancelled,0,2021-03-12 13:53:24,1615557204,101.426
74,vite_15d3230e3c31c009c968beea7160ae98b491475236ae2cddbc,10e6177005e9480a807c1a34d72ced1d82bf9ebeb69f524d2ab5b49d37c01a3e,EPIC-001_BTC-000,EPIC-001,BTC-000,tti_b9d622c68d486aa107a38a16,tti_b90c9baffffc9dae58d1f33f,Sell,0.00000908,200.0,0.001816,0.0,0.00000000,0.00000000,0.00000000,0.00000000,Cancelled,0,2021-03-12 13:52:18,1615557138,101.426
75,vite_15d3230e3c31c009c968beea7160ae98b491475236ae2cddbc,39500ccc3cc7f68fbe5caf0e22429927c1364745dafb4b42de43a21138718ac0,EPIC-001_BTC-000,EPIC-001,BTC-000,tti_b9d622c68d486aa107a38a16,tti_b90c9baffffc9dae58d1f33f,Buy,0.00000501,200.0,0.001002,0.0,0.00000000,0.00000000,0.00000000,0.00000000,Cancelled,0,2021-03-12 13:52:18,1615557138,55.963
76,vite_15d3230e3c31c009c968beea7160ae98b491475236ae2cddbc,2f87f4f0b121bbaeea02044f93b2a6f748815d30ff97a3f602d565f36e95338f,EPIC-001_BTC-000,EPIC-001,BTC-000,tti_b9d622c68d486aa107a38a16,tti_b90c9baffffc9dae58d1f33f,Buy,0.00000501,200.0,0.001002,0.0,0.00000000,0.00000000,0.00000000,0.00000000,Cancelled,0,2021-03-12 13:51:15,1615557075,55.963
77,vite_15d3230e3c31c009c968beea7160ae98b491475236ae2cddbc,85e63229025f6705ba9d0f497fd3caab5d7416a0fa65b0b13b081756f92d16c3,EPIC-001_BTC-000,EPIC-001,BTC-000,tti_b9d622c68d486aa107a38a16,tti_b90c9baffffc9dae58d1f33f,Sell,0.00000908,200.0,0.001816,0.0,0.00000000,0.00000000,0.00000000,0.00000000,Cancelled,0,2021-03-12 13:50:06,1615557006,101.426
78,vite_15d3230e3c31c009c968beea7160ae98b491475236ae2cddbc,1c760b90ff61db3d0825a098c439353606b0a860ffb571740f626659f9188a37,EPIC-001_BTC-000,EPIC-001,BTC-000,tti_b9d622c68d486aa107a38a16,tti_b90c9baffffc9dae58d1f33f,Buy,0.00000501,200.0,0.001002,0.0,0.00000000,0.00000000,0.00000000,0.00000000,Cancelled,0,2021-03-12 13:50:06,1615557006,55.963
79,vite_15d3230e3c31c009c968beea7160ae98b491475236ae2cddbc,05f194ac6d5ffe2aeb47a08b2669edee6efa3e35de3cda913162a6f99c2119aa,EPIC-001_BTC-000,EPIC-001,BTC-000,tti_b9d622c68d486aa107a38a16,tti_b90c9baffffc9dae58d1f33f,Buy,0.00000501,200.0,0.001002,0.0,0.00000000,0.00000000,0.00000000,0.00000000,Cancelled,0,2021-03-12 13:49:00,1615556940,55.963
80,vite_15d3230e3c31c009c968beea7160ae98b491475236ae2cddbc,601872807e4039f6c5dc9685fb5e95f17b53975fc8b9544f1676313d8facf8b4,EPIC-001_BTC-000,EPIC-001,BTC-000,tti_b9d622c68d486aa107a38a16,tti_b90c9baffffc9dae58d1f33f,Buy,0.00000501,200.0,0.001002,0.0,0.00000000,0.00000000,0.00000000,0.00000000,Cancelled,0,2021-03-12 13:47:54,1615556874,55.963
81,vite_15d3230e3c31c009c968beea7160ae98b491475236ae2cddbc,2703dc8c6e047ab2d8ba4af1537fc674b0166067758eb87e847aba39f0f57009,EPIC-001_BTC-000,EPIC-001,BTC-000,tti_b9d622c68d486aa107a38a16,tti_b90c9baffffc9dae58d1f33f,Sell,0.00000908,200.0,0.001816,0.0,0.00000000,0.00000000,0.00000000,0.00000000,Cancelled,0,2021-03-12 13:47:54,1615556874,101.426
82,vite_15d3230e3c31c009c968beea7160ae98b491475236ae2cddbc,908f8ce20bcd5d6cb06a488d9070a85e319a295f5e4a15f3c7678ce2da43817f,EPIC-001_BTC-000,EPIC-001,BTC-000,tti_b9d622c68d486aa107a38a16,tti_b90c9baffffc9dae58d1f33f,Buy,0.00000501,200.0,0.001002,0.0,0.00000000,0.00000000,0.00000000,0.00000000,Cancelled,0,2021-03-12 13:46:48,1615556808,55.963
83,vite_15d3230e3c31c009c968beea7160ae98b491475236ae2cddbc,6142c45786461edc5e080f661e155f3cd45ff45e4e5dbf942644b46fe1fb1bbf,EPIC-001_BTC-000,EPIC-001,BTC-000,tti_b9d622c68d486aa107a38a16,tti_b90c9baffffc9dae58d1f33f,Sell,0.00000908,200.0,0.001816,0.0,0.00000000,0.00000000,0.00000000,0.00000000,Cancelled,0,2021-03-12 13:45:42,1615556742,101.426
84,vite_15d3230e3c31c009c968beea7160ae98b491475236ae2cddbc,08f1cb2144b2765cffb18886ae2178b6b946bc8e3e889e70774293adc74ec855,EPIC-001_BTC-000,EPIC-001,BTC-000,tti_b9d622c68d486aa107a38a16,tti_b90c9baffffc9dae58d1f33f,Buy,0.00000501,200.0,0.001002,0.0,0.00000000,0.00000000,0.00000000,0.00000000,Cancelled,0,2021-03-12 13:45:42,1615556742,55.963
85,vite_15d3230e3c31c009c968beea7160ae98b491475236ae2cddbc,74f12b69c03ebafae7422aa9a560d79cecc17ba401d7ea6725cef6f204f8ac4a,EPIC-001_BTC-000,EPIC-001,BTC-000,tti_b9d622c68d486aa107a38a16,tti_b90c9baffffc9dae58d1f33f,Buy,0.00000501,200.0,0.001002,0.0,0.00000000,0.00000000,0.00000000,0.00000000,Cancelled,0,2021-03-12 13:44:36,1615556676,55.963
86,vite_15d3230e3c31c009c968beea7160ae98b491475236ae2cddbc,7e77545506cd3c5701aabe43d109514d20a2cfd7ddb4baf6eb6e03f5d5353a0b,EPIC-001_BTC-000,EPIC-001,BTC-000,tti_b9d622c68d486aa107a38a16,tti_b90c9baffffc9dae58d1f33f,Sell,0.00000908,200.0,0.001816,0.0,0.00000000,0.00000000,0.00000000,0.00000000,Cancelled,0,2021-03-12 13:43:30,1615556610,101.426
87,vite_15d3230e3c31c009c968beea7160ae98b491475236ae2cddbc,012fdff7f9aacdd0bcdf1bc7588ae2017199110e35767dc537da3dd5da7dcef9,EPIC-001_BTC-000,EPIC-001,BTC-000,tti_b9d622c68d486aa107a38a16,tti_b90c9baffffc9dae58d1f33f,Buy,0.00000501,200.0,0.001002,0.0,0.00000000,0.00000000,0.00000000,0.00000000,Cancelled,0,2021-03-12 13:43:30,1615556610,55.963
88,vite_15d3230e3c31c009c968beea7160ae98b491475236ae2cddbc,19ba6584e0993795f90b042d33fa0a17f2c07fe12a4ff2d573aaaaf4f3ea0a4e,EPIC-001_BTC-000,EPIC-001,BTC-000,tti_b9d622c68d486aa107a38a16,tti_b90c9baffffc9dae58d1f33f,Sell,0.00000909,200.0,0.001818,0.0,0.00000000,0.00000000,0.00000000,0.00000000,Cancelled,0,2021-03-12 13:42:24,1615556544,101.538
89,vite_15d3230e3c31c009c968beea7160ae98b491475236ae2cddbc,279082a573ff280c6581d3eb01b95f8d42c1a7e79e7a942fe39ab4ef3e44fc94,EPIC-001_BTC-000,EPIC-001,BTC-000,tti_b9d622c68d486aa107a38a16,tti_b90c9baffffc9dae58d1f33f,Sell,0.00000908,200.0,0.001816,0.0,0.00000000,0.00000000,0.00000000,0.00000000,Cancelled,0,2021-03-12 13:41:21,1615556481,101.426
90,vite_15d3230e3c31c009c968beea7160ae98b491475236ae2cddbc,7d7adce766920a540c17ccdb346449c07db0bdd156830074a8d8a3613df95e2c,EPIC-001_BTC-000,EPIC-001,BTC-000,tti_b9d622c68d486aa107a38a16,tti_b90c9baffffc9dae58d1f33f,Buy,0.00000501,200.0,0.001002,0.0,0.00000000,0.00000000,0.00000000,0.00000000,Cancelled,0,2021-03-12 13:41:21,1615556481,55.963
91,vite_15d3230e3c31c009c968beea7160ae98b491475236ae2cddbc,aebae177652e6420634f7ed22a99c7d97549418941557b0a6ae0074d480f5c79,EPIC-001_BTC-000,EPIC-001,BTC-000,tti_b9d622c68d486aa107a38a16,tti_b90c9baffffc9dae58d1f33f,Buy,0.00000402,200.0,0.000804,0.0,0.00000000,0.00000000,0.00000000,0.00000000,Cancelled,0,2021-03-12 13:39:17,1615556357,44.905
92,vite_15d3230e3c31c009c968beea7160ae98b491475236ae2cddbc,366142b5fff159aeebcd9a9b5865eedaf93a62b134edbad736cdc072ea4727a5,EPIC-001_BTC-000,EPIC-001,BTC-000,tti_b9d622c68d486aa107a38a16,tti_b90c9baffffc9dae58d1f33f,Sell,0.00000829,200.0,0.001658,0.0,0.00000000,0.00000000,0.00000000,0.00000000,Cancelled,0,2021-03-12 13:39:17,1615556357,92.602
93,vite_15d3230e3c31c009c968beea7160ae98b491475236ae2cddbc,20a867683749312372c43254406c149a040760e0f33ac1e1f88fd90f92023559,EPIC-001_BTC-000,EPIC-001,BTC-000,tti_b9d622c68d486aa107a38a16,tti_b90c9baffffc9dae58d1f33f,Sell,0.00000829,200.0,0.001658,0.0,0.00000000,0.00000000,0.00000000,0.00000000,Cancelled,0,2021-03-12 13:38:11,1615556291,92.602
94,vite_15d3230e3c31c009c968beea7160ae98b491475236ae2cddbc,a4e2f364057e6b02cbe2360d3d5a7eb718f71b3bc7d4146de86f9b90dfab5665,EPIC-001_BTC-000,EPIC-001,BTC-000,tti_b9d622c68d486aa107a38a16,tti_b90c9baffffc9dae58d1f33f,Buy,0.00000402,200.0,0.000804,0.0,0.00000000,0.00000000,0.00000000,0.00000000,Cancelled,0,2021-03-12 13:37:06,1615556226,44.905
95,vite_15d3230e3c31c009c968beea7160ae98b491475236ae2cddbc,2075f12d1a4a0b519254a943d0d56dbb16d31b25074fbd3b13844cc829c9f7b8,EPIC-001_BTC-000,EPIC-001,BTC-000,tti_b9d622c68d486aa107a38a16,tti_b90c9baffffc9dae58d1f33f,Sell,0.00000829,200.0,0.001658,0.0,0.00000000,0.00000000,0.00000000,0.00000000,Cancelled,0,2021-03-12 13:37:06,1615556226,92.602
96,vite_15d3230e3c31c009c968beea7160ae98b491475236ae2cddbc,a4fa8b790d2e281603eeea773b054dd37a7e8cb2f531a18d7ec521c50807bde5,EPIC-001_BTC-000,EPIC-001,BTC-000,tti_b9d622c68d486aa107a38a16,tti_b90c9baffffc9dae58d1f33f,Sell,0.00000829,200.0,0.001658,0.0,0.00000000,0.00000000,0.00000000,0.00000000,Cancelled,0,2021-03-12 13:35:59,1615556159,92.602
97,vite_15d3230e3c31c009c968beea7160ae98b491475236ae2cddbc,ed9451a6acb7b56304cd8462ea3c8f6836b50e043ee8ba448df4f8807a7258e5,EPIC-001_BTC-000,EPIC-001,BTC-000,tti_b9d622c68d486aa107a38a16,tti_b90c9baffffc9dae58d1f33f,Buy,0.00000402,200.0,0.000804,0.0,0.00000000,0.00000000,0.00000000,0.00000000,Cancelled,0,2021-03-12 13:34:54,1615556094,44.905
98,vite_15d3230e3c31c009c968beea7160ae98b491475236ae2cddbc,a547f4ba83a32e475c7005b1f8963622ea06a7741302e5514ef1cf6aa924757e,EPIC-001_BTC-000,EPIC-001,BTC-000,tti_b9d622c68d486aa107a38a16,tti_b90c9baffffc9dae58d1f33f,Sell,0.00000829,200.0,0.001658,0.0,0.00000000,0.00000000,0.00000000,0.00000000,Cancelled,0,2021-03-12 13:34:54,1615556094,92.602
99,vite_15d3230e3c31c009c968beea7160ae98b491475236ae2cddbc,3d2d597d2a014c0b8ad30818c75bb99eb8b4c2b77b923b93c58215bd487a47fc,EPIC-001_BTC-000,EPIC-001,BTC-000,tti_b9d622c68d486aa107a38a16,tti_b90c9baffffc9dae58d1f33f,Sell,0.00000829,200.0,0.001658,0.0,0.00000000,0.00000000,0.00000000,0.00000000,Cancelled,0,2021-03-12 13:33:47,1615556027,92.602
100,vite_15d3230e3c31c009c968beea7160ae98b491475236ae2cddbc,0318ed47bf2122c67976a478900c80b3270218f1221648710ff6a8d1e7ebcc96,EPIC-001_BTC-000,EPIC-001,BTC-000,tti_b9d622c68d486aa107a38a16,tti_b90c9baffffc9dae58d1f33f,Sell,0.00000829,200.0,0.001658,0.0,0.00000000,0.00000000,0.00000000,0.00000000,Cancelled,0,2021-03-12 13:32:41,1615555961,92.602
101,vite_15d3230e3c31c009c968beea7160ae98b491475236ae2cddbc,adb64f0b02cfb734990eec4ab752aec5b8dfdd7442e4a8be621ceea34bbbbcc4,EPIC-001_BTC-000,EPIC-001,BTC-000,tti_b9d622c68d486aa107a38a16,tti_b90c9baffffc9dae58d1f33f,Buy,0.00000402,200.0,0.000804,0.0,0.00000000,0.00000000,0.00000000,0.00000000,Cancelled,0,2021-03-12 13:32:41,1615555961,44.905
102,vite_15d3230e3c31c009c968beea7160ae98b491475236ae2cddbc,07e403a1817dd25962d4c97e59ef6edef05394dbf8f3cb154bf03c8d39e9b097,EPIC-001_BTC-000,EPIC-001,BTC-000,tti_b9d622c68d486aa107a38a16,tti_b90c9baffffc9dae58d1f33f,Sell,0.00000829,200.0,0.001658,0.0,0.00000000,0.00000000,0.00000000,0.00000000,Cancelled,0,2021-03-12 13:31:35,1615555895,92.602
103,vite_15d3230e3c31c009c968beea7160ae98b491475236ae2cddbc,e15ff43b0f1bd6bceb38de33060ab94e27e4bcc32d2e3dba38a0a079a2ae2d9a,EPIC-001_BTC-000,EPIC-001,BTC-000,tti_b9d622c68d486aa107a38a16,tti_b90c9baffffc9dae58d1f33f,Buy,0.00000402,200.0,0.000804,0.0,0.00000000,0.00000000,0.00000000,0.00000000,Cancelled,0,2021-03-12 13:30:29,1615555829,44.905
104,vite_15d3230e3c31c009c968beea7160ae98b491475236ae2cddbc,6135f755c4599f33901002b1e1d203d82ea57433051613215fb719d5d0e7ad6c,EPIC-001_BTC-000,EPIC-001,BTC-000,tti_b9d622c68d486aa107a38a16,tti_b90c9baffffc9dae58d1f33f,Sell,0.00000829,200.0,0.001658,0.0,0.00000000,0.00000000,0.00000000,0.00000000,Cancelled,0,2021-03-12 13:30:29,1615555829,92.602
105,vite_15d3230e3c31c009c968beea7160ae98b491475236ae2cddbc,120d05ac88ca85f83a11f3bdc3b5cdf716568e6a93619a296aada41294c208c7,EPIC-001_BTC-000,EPIC-001,BTC-000,tti_b9d622c68d486aa107a38a16,tti_b90c9baffffc9dae58d1f33f,Sell,0.00000829,200.0,0.001658,0.0,0.00000000,0.00000000,0.00000000,0.00000000,Cancelled,0,2021-03-12 13:29:23,1615555763,92.48
106,vite_15d3230e3c31c009c968beea7160ae98b491475236ae2cddbc,66c13a54871a4a6bf359bd3d1f375434b716c1d27bd3c0d7efe1ce6bf48d79c8,EPIC-001_BTC-000,EPIC-001,BTC-000,tti_b9d622c68d486aa107a38a16,tti_b90c9baffffc9dae58d1f33f,Sell,0.00000829,200.0,0.001658,0.0,0.00000000,0.00000000,0.00000000,0.00000000,Cancelled,0,2021-03-12 13:28:17,1615555697,92.48
107,vite_15d3230e3c31c009c968beea7160ae98b491475236ae2cddbc,c700593989e8a07143b5f78a13b465d685561cbb156d697357cb2ce8117e584d,EPIC-001_BTC-000,EPIC-001,BTC-000,tti_b9d622c68d486aa107a38a16,tti_b90c9baffffc9dae58d1f33f,Buy,0.00000402,200.0,0.000804,0.0,0.00000000,0.00000000,0.00000000,0.00000000,Cancelled,0,2021-03-12 13:28:17,1615555697,44.846
108,vite_15d3230e3c31c009c968beea7160ae98b491475236ae2cddbc,e6837f516b94071844561a99ef38416375f104b5add0988f7dca7205768caacf,EPIC-001_BTC-000,EPIC-001,BTC-000,tti_b9d622c68d486aa107a38a16,tti_b90c9baffffc9dae58d1f33f,Sell,0.00000829,200.0,0.001658,0.0,0.00000000,0.00000000,0.00000000,0.00000000,Cancelled,0,2021-03-12 13:27:11,1615555631,92.48
109,vite_15d3230e3c31c009c968beea7160ae98b491475236ae2cddbc,2cf4e11c0e55733030a9f2b10be20633b2ac5c20caa9faff18b7872b003c9852,EPIC-001_BTC-000,EPIC-001,BTC-000,tti_b9d622c68d486aa107a38a16,tti_b90c9baffffc9dae58d1f33f,Sell,0.00000829,200.0,0.001658,0.0,0.00000000,0.00000000,0.00000000,0.00000000,Cancelled,0,2021-03-12 13:26:05,1615555565,92.48
110,vite_15d3230e3c31c009c968beea7160ae98b491475236ae2cddbc,a34303bed27378b7b637bf1820212f076a3739c21e9cbeaa67e45a0cd197bbc2,EPIC-001_BTC-000,EPIC-001,BTC-000,tti_b9d622c68d486aa107a38a16,tti_b90c9baffffc9dae58d1f33f,Buy,0.00000402,200.0,0.000804,0.0,0.00000000,0.00000000,0.00000000,0.00000000,Cancelled,0,2021-03-12 13:26:05,1615555565,44.846
111,vite_15d3230e3c31c009c968beea7160ae98b491475236ae2cddbc,028092cbce6dab581f4f37c5e63efd8fc06ae3c723eb1a9639b7ae5b180762f6,EPIC-001_BTC-000,EPIC-001,BTC-000,tti_b9d622c68d486aa107a38a16,tti_b90c9baffffc9dae58d1f33f,Buy,0.00000402,200.0,0.000804,0.0,0.00000000,0.00000000,0.00000000,0.00000000,Cancelled,0,2021-03-12 13:25:00,1615555500,44.846
112,vite_15d3230e3c31c009c968beea7160ae98b491475236ae2cddbc,660ecb01b1a6e168ef9949676387cd58909f8e73074a0f5f168b40b1288732cb,EPIC-001_BTC-000,EPIC-001,BTC-000,tti_b9d622c68d486aa107a38a16,tti_b90c9baffffc9dae58d1f33f,Sell,0.00000829,200.0,0.001658,0.0,0.00000000,0.00000000,0.00000000,0.00000000,Cancelled,0,2021-03-12 13:23:53,1615555433,92.48
113,vite_15d3230e3c31c009c968beea7160ae98b491475236ae2cddbc,cc9eba3186125778b7cbd17ab4bb8a051787967aa777f28820c3a4faff01e05f,EPIC-001_BTC-000,EPIC-001,BTC-000,tti_b9d622c68d486aa107a38a16,tti_b90c9baffffc9dae58d1f33f,Buy,0.00000402,200.0,0.000804,0.0,0.00000000,0.00000000,0.00000000,0.00000000,Cancelled,0,2021-03-12 13:23:53,1615555433,44.846
114,vite_15d3230e3c31c009c968beea7160ae98b491475236ae2cddbc,5ca631dad79a4867f8df8f496f4a3d24c5136bb3810d5514e1ed7eb201025cb4,EPIC-001_BTC-000,EPIC-001,BTC-000,tti_b9d622c68d486aa107a38a16,tti_b90c9baffffc9dae58d1f33f,Sell,0.00000829,200.0,0.001658,0.0,0.00000000,0.00000000,0.00000000,0.00000000,Cancelled,0,2021-03-12 13:22:47,1615555367,92.48
115,vite_15d3230e3c31c009c968beea7160ae98b491475236ae2cddbc,515b2128d5e72ff87748b4e8ce87d85040434a574b61e19b290913515f8f3d08,EPIC-001_BTC-000,EPIC-001,BTC-000,tti_b9d622c68d486aa107a38a16,tti_b90c9baffffc9dae58d1f33f,Sell,0.00000829,200.0,0.001658,0.0,0.00000000,0.00000000,0.00000000,0.00000000,Cancelled,0,2021-03-12 13:21:41,1615555301,92.48
116,vite_15d3230e3c31c009c968beea7160ae98b491475236ae2cddbc,af7357921e7f3afcd85a5e8c2c3a3c2bde0f4741d15e0592b820ac514dd834a6,EPIC-001_BTC-000,EPIC-001,BTC-000,tti_b9d622c68d486aa107a38a16,tti_b90c9baffffc9dae58d1f33f,Buy,0.00000402,200.0,0.000804,0.0,0.00000000,0.00000000,0.00000000,0.00000000,Cancelled,0,2021-03-12 13:21:41,1615555301,44.846
117,vite_15d3230e3c31c009c968beea7160ae98b491475236ae2cddbc,ab5ae71fb6711823b67a350b422904faf5c21d71c643dcd0665615c624bec9bb,EPIC-001_BTC-000,EPIC-001,BTC-000,tti_b9d622c68d486aa107a38a16,tti_b90c9baffffc9dae58d1f33f,Buy,0.00000402,200.0,0.000804,0.0,0.00000000,0.00000000,0.00000000,0.00000000,Cancelled,0,2021-03-12 13:19:29,1615555169,44.846
118,vite_15d3230e3c31c009c968beea7160ae98b491475236ae2cddbc,305e38b74cd411cf2050f25b885a5f2ee5f1b6c7f935a89bba526357c66db558,EPIC-001_BTC-000,EPIC-001,BTC-000,tti_b9d622c68d486aa107a38a16,tti_b90c9baffffc9dae58d1f33f,Sell,0.00000829,200.0,0.001658,0.0,0.00000000,0.00000000,0.00000000,0.00000000,Cancelled,0,2021-03-12 13:19:29,1615555169,92.48
119,vite_15d3230e3c31c009c968beea7160ae98b491475236ae2cddbc,eadcc8da44195a247647823a87abd3c114f475ea1b83f7f4ebda7e06521d51e6,EPIC-001_BTC-000,EPIC-001,BTC-000,tti_b9d622c68d486aa107a38a16,tti_b90c9baffffc9dae58d1f33f,Sell,0.00000829,200.0,0.001658,0.0,0.00000000,0.00000000,0.00000000,0.00000000,Cancelled,0,2021-03-12 13:18:23,1615555103,92.48
120,vite_15d3230e3c31c009c968beea7160ae98b491475236ae2cddbc,711d4b4ab4f5aa17bb5e87b3ae873c81aca81dde546273a86dd1b998e8f0b15e,EPIC-001_BTC-000,EPIC-001,BTC-000,tti_b9d622c68d486aa107a38a16,tti_b90c9baffffc9dae58d1f33f,Sell,0.00000829,200.0,0.001658,0.0,0.00000000,0.00000000,0.00000000,0.00000000,Cancelled,0,2021-03-12 13:17:17,1615555037,92.48
121,vite_15d3230e3c31c009c968beea7160ae98b491475236ae2cddbc,bc083f134945c2b40a76b4189e565541b0b20955ab249149dec53d2474e2bddc,EPIC-001_BTC-000,EPIC-001,BTC-000,tti_b9d622c68d486aa107a38a16,tti_b90c9baffffc9dae58d1f33f,Buy,0.00000402,200.0,0.000804,0.0,0.00000000,0.00000000,0.00000000,0.00000000,Cancelled,0,2021-03-12 13:16:11,1615554971,44.846
122,vite_15d3230e3c31c009c968beea7160ae98b491475236ae2cddbc,41229fd59444b28c6d35ba80778214d4517fbd8b0d181f89093a34b3fe05352d,EPIC-001_BTC-000,EPIC-001,BTC-000,tti_b9d622c68d486aa107a38a16,tti_b90c9baffffc9dae58d1f33f,Sell,0.00000829,200.0,0.001658,0.0,0.00000000,0.00000000,0.00000000,0.00000000,Cancelled,0,2021-03-12 13:16:11,1615554971,92.48
123,vite_15d3230e3c31c009c968beea7160ae98b491475236ae2cddbc,59dc640e42c7ca553380d94f9380058c6c94fc366f8ad632b86404e67c280a54,EPIC-001_BTC-000,EPIC-001,BTC-000,tti_b9d622c68d486aa107a38a16,tti_b90c9baffffc9dae58d1f33f,Sell,0.00000829,200.0,0.001658,0.0,0.00000000,0.00000000,0.00000000,0.00000000,Cancelled,0,2021-03-12 13:15:06,1615554906,92.48
124,vite_15d3230e3c31c009c968beea7160ae98b491475236ae2cddbc,2c38ea2913d122781bd7d910ede8cb5041b0372c109b21f9a8181b326ab7b5ed,EPIC-001_BTC-000,EPIC-001,BTC-000,tti_b9d622c68d486aa107a38a16,tti_b90c9baffffc9dae58d1f33f,Buy,0.00000402,200.0,0.000804,0.0,0.00000000,0.00000000,0.00000000,0.00000000,Cancelled,0,2021-03-12 13:13:59,1615554839,44.846
125,vite_15d3230e3c31c009c968beea7160ae98b491475236ae2cddbc,6e94dc09683e5ba644105a283880e3cb085afc43ccf632043b3a71d353b2dcdb,EPIC-001_BTC-000,EPIC-001,BTC-000,tti_b9d622c68d486aa107a38a16,tti_b90c9baffffc9dae58d1f33f,Buy,0.00000402,200.0,0.000804,0.0,0.00000000,0.00000000,0.00000000,0.00000000,Cancelled,0,2021-03-12 13:12:54,1615554774,44.846
126,vite_15d3230e3c31c009c968beea7160ae98b491475236ae2cddbc,a29eab4dfffa9e9347d334e7eaa6b2b2eed4f6f69973eccadbc3ba2d215b32f7,EPIC-001_BTC-000,EPIC-001,BTC-000,tti_b9d622c68d486aa107a38a16,tti_b90c9baffffc9dae58d1f33f,Sell,0.00000829,200.0,0.001658,0.0,0.00000000,0.00000000,0.00000000,0.00000000,Cancelled,0,2021-03-12 13:11:47,1615554707,92.48
127,vite_15d3230e3c31c009c968beea7160ae98b491475236ae2cddbc,47d5019f053c4a928e9401e2a76fdf4ef2c0f79debc820d720ad0c18d962b46d,EPIC-001_BTC-000,EPIC-001,BTC-000,tti_b9d622c68d486aa107a38a16,tti_b90c9baffffc9dae58d1f33f,Buy,0.00000402,200.0,0.000804,0.0,0.00000000,0.00000000,0.00000000,0.00000000,Cancelled,0,2021-03-12 13:11:47,1615554707,44.846
128,vite_15d3230e3c31c009c968beea7160ae98b491475236ae2cddbc,6707a2c8f6d5d0be9dc126b1ad2da64ed886d52e3048ad31b802f4db4ba2de09,EPIC-001_BTC-000,EPIC-001,BTC-000,tti_b9d622c68d486aa107a38a16,tti_b90c9baffffc9dae58d1f33f,Sell,0.00000829,200.0,0.001658,0.0,0.00000000,0.00000000,0.00000000,0.00000000,Cancelled,0,2021-03-12 13:10:41,1615554641,92.48
129,vite_15d3230e3c31c009c968beea7160ae98b491475236ae2cddbc,95184cd5aba392c16d4a120103328816916984cb31ee982176afc196905cad8a,EPIC-001_BTC-000,EPIC-001,BTC-000,tti_b9d622c68d486aa107a38a16,tti_b90c9baffffc9dae58d1f33f,Sell,0.00000829,200.0,0.001658,0.0,0.00000000,0.00000000,0.00000000,0.00000000,Cancelled,0,2021-03-12 13:09:36,1615554576,92.48
130,vite_15d3230e3c31c009c968beea7160ae98b491475236ae2cddbc,1a7fcac32cdce97eafccb74270141514c68dc0decf770014238d9b34c3da58d4,EPIC-001_BTC-000,EPIC-001,BTC-000,tti_b9d622c68d486aa107a38a16,tti_b90c9baffffc9dae58d1f33f,Buy,0.00000402,200.0,0.000804,0.0,0.00000000,0.00000000,0.00000000,0.00000000,Cancelled,0,2021-03-12 13:09:36,1615554576,44.846
131,vite_15d3230e3c31c009c968beea7160ae98b491475236ae2cddbc,6cbdfd30ea467d1e753ec038e55a1599f7bc4d55979ed95a266b23ca9078fd61,EPIC-001_BTC-000,EPIC-001,BTC-000,tti_b9d622c68d486aa107a38a16,tti_b90c9baffffc9dae58d1f33f,Buy,0.00000402,200.0,0.000804,0.0,0.00000000,0.00000000,0.00000000,0.00000000,Cancelled,0,2021-03-12 13:08:29,1615554509,44.846
132,vite_15d3230e3c31c009c968beea7160ae98b491475236ae2cddbc,b0497cb1163dbe55f99f56d1d822070cab60e4a76547c1ee5b002c9eabaf84ed,EPIC-001_BTC-000,EPIC-001,BTC-000,tti_b9d622c68d486aa107a38a16,tti_b90c9baffffc9dae58d1f33f,Buy,0.00000402,200.0,0.000804,0.0,0.00000000,0.00000000,0.00000000,0.00000000,Cancelled,0,2021-03-12 13:07:24,1615554444,44.846
133,vite_15d3230e3c31c009c968beea7160ae98b491475236ae2cddbc,1ab4b273374c5fd91224473bda7f606dd2916deaff589f485fba7128407892b1,EPIC-001_BTC-000,EPIC-001,BTC-000,tti_b9d622c68d486aa107a38a16,tti_b90c9baffffc9dae58d1f33f,Sell,0.00000829,200.0,0.001658,0.0,0.00000000,0.00000000,0.00000000,0.00000000,Cancelled,0,2021-03-12 13:07:24,1615554444,92.48
134,vite_15d3230e3c31c009c968beea7160ae98b491475236ae2cddbc,516fdc2c35b2c09d0799c7deedd9c63bc7fb6a96ddf67b6b3188f5bb37ab7b84,EPIC-001_BTC-000,EPIC-001,BTC-000,tti_b9d622c68d486aa107a38a16,tti_b90c9baffffc9dae58d1f33f,Sell,0.00000829,200.0,0.001658,0.0,0.00000000,0.00000000,0.00000000,0.00000000,Cancelled,0,2021-03-12 13:06:17,1615554377,92.48
135,vite_15d3230e3c31c009c968beea7160ae98b491475236ae2cddbc,389a79c4bf30f0ad95d2a66e978a21d9eeb5de94c86ea46608497caba6d8fdab,EPIC-001_BTC-000,EPIC-001,BTC-000,tti_b9d622c68d486aa107a38a16,tti_b90c9baffffc9dae58d1f33f,Sell,0.00000829,200.0,0.001658,0.0,0.00000000,0.00000000,0.00000000,0.00000000,Cancelled,0,2021-03-12 13:05:11,1615554311,92.48
136,vite_15d3230e3c31c009c968beea7160ae98b491475236ae2cddbc,1e1e06aab89222de35a4eafa41ec098105477ea309d2d4640a36fdc95aa142a4,EPIC-001_BTC-000,EPIC-001,BTC-000,tti_b9d622c68d486aa107a38a16,tti_b90c9baffffc9dae58d1f33f,Buy,0.00000402,200.0,0.000804,0.0,0.00000000,0.00000000,0.00000000,0.00000000,Cancelled,0,2021-03-12 13:05:11,1615554311,44.846
137,vite_15d3230e3c31c009c968beea7160ae98b491475236ae2cddbc,c08eeeb3e39170465db20ba0853792424b641e52603f23c8e06ce91524a55fed,EPIC-001_BTC-000,EPIC-001,BTC-000,tti_b9d622c68d486aa107a38a16,tti_b90c9baffffc9dae58d1f33f,Sell,0.00000829,200.0,0.001658,0.0,0.00000000,0.00000000,0.00000000,0.00000000,Cancelled,0,2021-03-12 13:04:05,1615554245,92.48
138,vite_15d3230e3c31c009c968beea7160ae98b491475236ae2cddbc,d27e8dcd7834a5d1236123e423ac6af74c0034658e718acd57eb1b184b7e24a2,EPIC-001_BTC-000,EPIC-001,BTC-000,tti_b9d622c68d486aa107a38a16,tti_b90c9baffffc9dae58d1f33f,Buy,0.00000402,200.0,0.000804,0.0,0.00000000,0.00000000,0.00000000,0.00000000,Cancelled,0,2021-03-12 13:02:59,1615554179,44.846
139,vite_15d3230e3c31c009c968beea7160ae98b491475236ae2cddbc,94d57af83c99168a4d013212c9aac2290a18964c85821b940a014ef6a2dc37a8,EPIC-001_BTC-000,EPIC-001,BTC-000,tti_b9d622c68d486aa107a38a16,tti_b90c9baffffc9dae58d1f33f,Sell,0.00000829,200.0,0.001658,0.0,0.00000000,0.00000000,0.00000000,0.00000000,Cancelled,0,2021-03-12 13:02:59,1615554179,92.48
140,vite_15d3230e3c31c009c968beea7160ae98b491475236ae2cddbc,147bbd790b89603e48203bd7a1ae779412a3dde0fd8f2de0ab6bdfe699dee488,EPIC-001_BTC-000,EPIC-001,BTC-000,tti_b9d622c68d486aa107a38a16,tti_b90c9baffffc9dae58d1f33f,Buy,0.00000402,200.0,0.000804,0.0,0.00000000,0.00000000,0.00000000,0.00000000,Cancelled,0,2021-03-12 13:01:53,1615554113,44.846
141,vite_15d3230e3c31c009c968beea7160ae98b491475236ae2cddbc,9d42b83b28e6ab4fad8f202384f3ca18d7c01e5194b845a68d2bade3a1e55248,EPIC-001_BTC-000,EPIC-001,BTC-000,tti_b9d622c68d486aa107a38a16,tti_b90c9baffffc9dae58d1f33f,Sell,0.00000829,200.0,0.001658,0.0,0.00000000,0.00000000,0.00000000,0.00000000,Cancelled,0,2021-03-12 13:00:47,1615554047,92.48
142,vite_15d3230e3c31c009c968beea7160ae98b491475236ae2cddbc,837b6666f66675a59da7b33338b0df8104430b208474574d8d713e23ed4e66c6,EPIC-001_BTC-000,EPIC-001,BTC-000,tti_b9d622c68d486aa107a38a16,tti_b90c9baffffc9dae58d1f33f,Buy,0.00000402,200.0,0.000804,0.0,0.00000000,0.00000000,0.00000000,0.00000000,Cancelled,0,2021-03-12 12:59:41,1615553981,44.846
143,vite_15d3230e3c31c009c968beea7160ae98b491475236ae2cddbc,7fcf2fb1dc6d6b327adcb778ca748bd403993e52e5fec4913b694515da6ba91d,EPIC-001_BTC-000,EPIC-001,BTC-000,tti_b9d622c68d486aa107a38a16,tti_b90c9baffffc9dae58d1f33f,Sell,0.00000829,200.0,0.001658,0.0,0.00000000,0.00000000,0.00000000,0.00000000,Cancelled,0,2021-03-12 12:59:41,1615553981,92.48
144,vite_15d3230e3c31c009c968beea7160ae98b491475236ae2cddbc,e8b034a959dac1d651c994e38bb7a149e82a4cf496028205a367b66c062ca47b,EPIC-001_BTC-000,EPIC-001,BTC-000,tti_b9d622c68d486aa107a38a16,tti_b90c9baffffc9dae58d1f33f,Buy,0.00000402,200.0,0.000804,0.0,0.00000000,0.00000000,0.00000000,0.00000000,Cancelled,0,2021-03-12 12:58:36,1615553916,44.846
145,vite_15d3230e3c31c009c968beea7160ae98b491475236ae2cddbc,72fc1e523a4b012fc99fb3899afe9f1a5ef041742192cb2943d56dd1bb35d545,EPIC-001_BTC-000,EPIC-001,BTC-000,tti_b9d622c68d486aa107a38a16,tti_b90c9baffffc9dae58d1f33f,Sell,0.00000829,200.0,0.001658,0.0,0.00000000,0.00000000,0.00000000,0.00000000,Cancelled,0,2021-03-12 12:57:29,1615553849,92.48
146,vite_15d3230e3c31c009c968beea7160ae98b491475236ae2cddbc,af83b193a4405529a2cef7642915f79f08a50d8d98a7b5cfa31b2f72ac32b45c,EPIC-001_BTC-000,EPIC-001,BTC-000,tti_b9d622c68d486aa107a38a16,tti_b90c9baffffc9dae58d1f33f,Buy,0.00000402,200.0,0.000804,0.0,0.00000000,0.00000000,0.00000000,0.00000000,Cancelled,0,2021-03-12 12:57:28,1615553848,44.846
147,vite_15d3230e3c31c009c968beea7160ae98b491475236ae2cddbc,306b86e553fd69b99cda1af2448e4557477b9c35b94ecf90fcb710c782a3211f,EPIC-001_BTC-000,EPIC-001,BTC-000,tti_b9d622c68d486aa107a38a16,tti_b90c9baffffc9dae58d1f33f,Buy,0.00000402,200.0,0.000804,0.0,0.00000000,0.00000000,0.00000000,0.00000000,Cancelled,0,2021-03-12 12:56:22,1615553782,44.846
148,vite_15d3230e3c31c009c968beea7160ae98b491475236ae2cddbc,1e400009d956741e7d7888db8256198582a228d560b6d6af2a8b5876f9ff9fa6,EPIC-001_BTC-000,EPIC-001,BTC-000,tti_b9d622c68d486aa107a38a16,tti_b90c9baffffc9dae58d1f33f,Buy,0.00000402,200.0,0.000804,0.0,0.00000000,0.00000000,0.00000000,0.00000000,Cancelled,0,2021-03-12 12:55:16,1615553716,44.846
149,vite_15d3230e3c31c009c968beea7160ae98b491475236ae2cddbc,b62f461168d78c0252ff3566281f6611217bd8ceb234fd1b75ab23ba7b33b869,EPIC-001_BTC-000,EPIC-001,BTC-000,tti_b9d622c68d486aa107a38a16,tti_b90c9baffffc9dae58d1f33f,Buy,0.00000402,200.0,0.000804,0.0,0.00000000,0.00000000,0.00000000,0.00000000,Cancelled,0,2021-03-12 12:54:10,1615553650,44.846
150,vite_15d3230e3c31c009c968beea7160ae98b491475236ae2cddbc,e0c9c26b4894d4fb8d45c7c8297fddabd1e29bcee7f61cd267c9e8b296569844,EPIC-001_BTC-000,EPIC-001,BTC-000,tti_b9d622c68d486aa107a38a16,tti_b90c9baffffc9dae58d1f33f,Buy,0.00000402,200.0,0.000804,0.0,0.00000000,0.00000000,0.00000000,0.00000000,Cancelled,0,2021-03-12 12:53:04,1615553584,44.846
151,vite_15d3230e3c31c009c968beea7160ae98b491475236ae2cddbc,746608df2223dda242dee81c086f300edab4c8b10d1ee3e48a16a4175e7afad8,EPIC-001_BTC-000,EPIC-001,BTC-000,tti_b9d622c68d486aa107a38a16,tti_b90c9baffffc9dae58d1f33f,Sell,0.00000829,200.0,0.001658,0.0,0.00000000,0.00000000,0.00000000,0.00000000,Cancelled,0,2021-03-12 12:53:04,1615553584,92.48
152,vite_15d3230e3c31c009c968beea7160ae98b491475236ae2cddbc,bc2a79eeb2f1b6cbf28a6983e58dd8ce4f4308169cf8a8daf3f70def6f52aecc,EPIC-001_BTC-000,EPIC-001,BTC-000,tti_b9d622c68d486aa107a38a16,tti_b90c9baffffc9dae58d1f33f,Sell,0.00000829,200.0,0.001658,0.0,0.00000000,0.00000000,0.00000000,0.00000000,Cancelled,0,2021-03-12 12:52:00,1615553520,92.48
153,vite_15d3230e3c31c009c968beea7160ae98b491475236ae2cddbc,bf373f9b019154043898772cb330d76a040ef9afdcadf5d6b85bb4ce53fc2fc9,EPIC-001_BTC-000,EPIC-001,BTC-000,tti_b9d622c68d486aa107a38a16,tti_b90c9baffffc9dae58d1f33f,Sell,0.00000829,200.0,0.001658,0.0,0.00000000,0.00000000,0.00000000,0.00000000,Cancelled,0,2021-03-12 12:50:54,1615553454,92.48
154,vite_15d3230e3c31c009c968beea7160ae98b491475236ae2cddbc,85399980c3e149646d964726f702712d469df795583cf4d20411b4b18686faaa,EPIC-001_BTC-000,EPIC-001,BTC-000,tti_b9d622c68d486aa107a38a16,tti_b90c9baffffc9dae58d1f33f,Buy,0.00000402,200.0,0.000804,0.0,0.00000000,0.00000000,0.00000000,0.00000000,Cancelled,0,2021-03-12 12:50:54,1615553454,44.846
155,vite_15d3230e3c31c009c968beea7160ae98b491475236ae2cddbc,9f6d9dd7a241fcb547fa06a7251ea7a9ce3571ea6d5be9731b6781a203b79e96,EPIC-001_BTC-000,EPIC-001,BTC-000,tti_b9d622c68d486aa107a38a16,tti_b90c9baffffc9dae58d1f33f,Buy,0.00000402,200.0,0.000804,0.0,0.00000000,0.00000000,0.00000000,0.00000000,Cancelled,0,2021-03-12 12:49:46,1615553386,44.846
156,vite_15d3230e3c31c009c968beea7160ae98b491475236ae2cddbc,2d8bc12f4fe1af59bb2f3b7a6594339f8278d580ea0ca8ec618f3b53a20cc2ac,EPIC-001_BTC-000,EPIC-001,BTC-000,tti_b9d622c68d486aa107a38a16,tti_b90c9baffffc9dae58d1f33f,Sell,0.00000829,200.0,0.001658,0.0,0.00000000,0.00000000,0.00000000,0.00000000,Cancelled,0,2021-03-12 12:48:42,1615553322,92.48
157,vite_15d3230e3c31c009c968beea7160ae98b491475236ae2cddbc,1e725fe85e1dc76ecccb347a20955a826e1cde6769477927bbd426578e88ff85,EPIC-001_BTC-000,EPIC-001,BTC-000,tti_b9d622c68d486aa107a38a16,tti_b90c9baffffc9dae58d1f33f,Buy,0.00000402,200.0,0.000804,0.0,0.00000000,0.00000000,0.00000000,0.00000000,Cancelled,0,2021-03-12 12:48:42,1615553322,44.846
158,vite_15d3230e3c31c009c968beea7160ae98b491475236ae2cddbc,edc7a9879b434ee33bf4ee8a8df76d7b9cae52d036d3d8748737a5a0b9c78257,EPIC-001_BTC-000,EPIC-001,BTC-000,tti_b9d622c68d486aa107a38a16,tti_b90c9baffffc9dae58d1f33f,Sell,0.00000829,200.0,0.001658,0.0,0.00000000,0.00000000,0.00000000,0.00000000,Cancelled,0,2021-03-12 12:47:34,1615553254,92.48
159,vite_15d3230e3c31c009c968beea7160ae98b491475236ae2cddbc,3697bd9fe26eb3e058dc11e7a9f13f474e460f88466e121f035fd551726026c2,EPIC-001_BTC-000,EPIC-001,BTC-000,tti_b9d622c68d486aa107a38a16,tti_b90c9baffffc9dae58d1f33f,Sell,0.00000829,200.0,0.001658,0.0,0.00000000,0.00000000,0.00000000,0.00000000,Cancelled,0,2021-03-12 12:46:28,1615553188,92.48
160,vite_15d3230e3c31c009c968beea7160ae98b491475236ae2cddbc,eab6a23c6ad735e1638c5774c40305e29484e201ad655167a4d95cf53292a4a0,EPIC-001_BTC-000,EPIC-001,BTC-000,tti_b9d622c68d486aa107a38a16,tti_b90c9baffffc9dae58d1f33f,Buy,0.00000402,200.0,0.000804,0.0,0.00000000,0.00000000,0.00000000,0.00000000,Cancelled,0,2021-03-12 12:46:28,1615553188,44.846
161,vite_15d3230e3c31c009c968beea7160ae98b491475236ae2cddbc,4cb2b8d89ba218c84e14ea33af66b96c42c537f89f13d1dece6c63a62fa79182,EPIC-001_BTC-000,EPIC-001,BTC-000,tti_b9d622c68d486aa107a38a16,tti_b90c9baffffc9dae58d1f33f,Buy,0.00000402,200.0,0.000804,0.0,0.00000000,0.00000000,0.00000000,0.00000000,Cancelled,0,2021-03-12 12:45:22,1615553122,44.846
162,vite_15d3230e3c31c009c968beea7160ae98b491475236ae2cddbc,7229cf38aeba0d6ebaae64d9b76246dc16298ef2138d95e9bbc82821b10e08b4,EPIC-001_BTC-000,EPIC-001,BTC-000,tti_b9d622c68d486aa107a38a16,tti_b90c9baffffc9dae58d1f33f,Sell,0.00000829,200.0,0.001658,0.0,0.00000000,0.00000000,0.00000000,0.00000000,Cancelled,0,2021-03-12 12:44:16,1615553056,92.48
163,vite_15d3230e3c31c009c968beea7160ae98b491475236ae2cddbc,896b51cb0e01e360c2373ba9067bcaf9c14fa53939e373bc842e7413acf58d3e,EPIC-001_BTC-000,EPIC-001,BTC-000,tti_b9d622c68d486aa107a38a16,tti_b90c9baffffc9dae58d1f33f,Sell,0.00000829,200.0,0.001658,0.0,0.00000000,0.00000000,0.00000000,0.00000000,Cancelled,0,2021-03-12 12:43:10,1615552990,92.48
164,vite_15d3230e3c31c009c968beea7160ae98b491475236ae2cddbc,c77d295f63579b3c16cb26d4391b3e3f4e5bf0f3ea15249e9d0d88b263129a13,EPIC-001_BTC-000,EPIC-001,BTC-000,tti_b9d622c68d486aa107a38a16,tti_b90c9baffffc9dae58d1f33f,Buy,0.00000402,200.0,0.000804,0.0,0.00000000,0.00000000,0.00000000,0.00000000,Cancelled,0,2021-03-12 12:43:10,1615552990,44.846
165,vite_15d3230e3c31c009c968beea7160ae98b491475236ae2cddbc,db5df057af81cbf6acf1fd925ecfa8900db8f2f74d76be2b883597f8b4e137b0,EPIC-001_BTC-000,EPIC-001,BTC-000,tti_b9d622c68d486aa107a38a16,tti_b90c9baffffc9dae58d1f33f,Sell,0.00000829,200.0,0.001658,0.0,0.00000000,0.00000000,0.00000000,0.00000000,Cancelled,0,2021-03-12 12:42:04,1615552924,92.48
166,vite_15d3230e3c31c009c968beea7160ae98b491475236ae2cddbc,719a63929304b27f95eda16d26f06744cfb1a6fb3439d36565539158c43f31b3,EPIC-001_BTC-000,EPIC-001,BTC-000,tti_b9d622c68d486aa107a38a16,tti_b90c9baffffc9dae58d1f33f,Sell,0.00000829,200.0,0.001658,0.0,0.00000000,0.00000000,0.00000000,0.00000000,Cancelled,0,2021-03-12 12:40:58,1615552858,92.48
167,vite_15d3230e3c31c009c968beea7160ae98b491475236ae2cddbc,69490817eca5369aa90e7d148bfc9ae32c8ff95405e5c1184077b19acbf63f54,EPIC-001_BTC-000,EPIC-001,BTC-000,tti_b9d622c68d486aa107a38a16,tti_b90c9baffffc9dae58d1f33f,Buy,0.00000402,200.0,0.000804,0.0,0.00000000,0.00000000,0.00000000,0.00000000,Cancelled,0,2021-03-12 12:40:58,1615552858,44.846
168,vite_15d3230e3c31c009c968beea7160ae98b491475236ae2cddbc,95f09420fbb86e88b2a8d2e2afb0856553ce6f3dd1725d6d028dc908ecf24a96,EPIC-001_BTC-000,EPIC-001,BTC-000,tti_b9d622c68d486aa107a38a16,tti_b90c9baffffc9dae58d1f33f,Buy,0.00000402,200.0,0.000804,0.0,0.00000000,0.00000000,0.00000000,0.00000000,Cancelled,0,2021-03-12 12:39:52,1615552792,44.846
169,vite_15d3230e3c31c009c968beea7160ae98b491475236ae2cddbc,26efc3f50a3df911cbe757803c5e9a3f5c33e68dc90a17e96d15ad1f2f4a5c1c,EPIC-001_BTC-000,EPIC-001,BTC-000,tti_b9d622c68d486aa107a38a16,tti_b90c9baffffc9dae58d1f33f,Sell,0.00000829,200.0,0.001658,0.0,0.00000000,0.00000000,0.00000000,0.00000000,Cancelled,0,2021-03-12 12:38:47,1615552727,92.48
170,vite_15d3230e3c31c009c968beea7160ae98b491475236ae2cddbc,a2e4991e6e4944e5ce342846e7eafd95276de048b4274246c6833a2c0e8aff65,EPIC-001_BTC-000,EPIC-001,BTC-000,tti_b9d622c68d486aa107a38a16,tti_b90c9baffffc9dae58d1f33f,Buy,0.00000402,200.0,0.000804,0.0,0.00000000,0.00000000,0.00000000,0.00000000,Cancelled,0,2021-03-12 12:38:47,1615552727,44.846
171,vite_15d3230e3c31c009c968beea7160ae98b491475236ae2cddbc,9e95ee558b4378a2adc79be736253067088954e29792559152c4383c7f736749,EPIC-001_BTC-000,EPIC-001,BTC-000,tti_b9d622c68d486aa107a38a16,tti_b90c9baffffc9dae58d1f33f,Buy,0.00000401,200.0,0.000802,0.0,0.00000000,0.00000000,0.00000000,0.00000000,Cancelled,0,2021-03-12 12:37:40,1615552660,44.734
172,vite_15d3230e3c31c009c968beea7160ae98b491475236ae2cddbc,82cba4e98f1286a30660523e43e925907eac267707556facbc1fe6184ae21479,EPIC-001_BTC-000,EPIC-001,BTC-000,tti_b9d622c68d486aa107a38a16,tti_b90c9baffffc9dae58d1f33f,Sell,0.00000832,200.0,0.001664,0.0,0.00000000,0.00000000,0.00000000,0.00000000,Cancelled,0,2021-03-12 12:36:34,1615552594,92.815
173,vite_15d3230e3c31c009c968beea7160ae98b491475236ae2cddbc,26e6313d78b57b831fee4427abfa335694e4832aa8baba2dd4917e5e2e114455,EPIC-001_BTC-000,EPIC-001,BTC-000,tti_b9d622c68d486aa107a38a16,tti_b90c9baffffc9dae58d1f33f,Buy,0.00000401,200.0,0.000802,0.0,0.00000000,0.00000000,0.00000000,0.00000000,Cancelled,0,2021-03-12 12:36:34,1615552594,44.734
174,vite_15d3230e3c31c009c968beea7160ae98b491475236ae2cddbc,4018b8132068b99967e835031d239717d000d6ab971966ae079dd593fdb762dd,EPIC-001_BTC-000,EPIC-001,BTC-000,tti_b9d622c68d486aa107a38a16,tti_b90c9baffffc9dae58d1f33f,Buy,0.00000401,200.0,0.000802,135.0,0.00054135,0.67500000,0.00000401,0.00000121,Partially,0,2021-03-12 12:35:28,1615552528,44.734
175,vite_15d3230e3c31c009c968beea7160ae98b491475236ae2cddbc,bafeb1ea644acc5ffd0d7fcb3859345bf601e16497e8c99970a5e8023ffdb7ea,EPIC-001_BTC-000,EPIC-001,BTC-000,tti_b9d622c68d486aa107a38a16,tti_b90c9baffffc9dae58d1f33f,Sell,0.00000832,200.0,0.001664,0.0,0.00000000,0.00000000,0.00000000,0.00000000,Cancelled,0,2021-03-12 12:34:22,1615552462,92.815
176,vite_15d3230e3c31c009c968beea7160ae98b491475236ae2cddbc,2e5e413f223c78f7f09996b43099083b09cad2504cb058b798ec96164654d88c,EPIC-001_BTC-000,EPIC-001,BTC-000,tti_b9d622c68d486aa107a38a16,tti_b90c9baffffc9dae58d1f33f,Buy,0.00000401,200.0,0.000802,0.0,0.00000000,0.00000000,0.00000000,0.00000000,Cancelled,0,2021-03-12 12:34:22,1615552462,44.734
177,vite_15d3230e3c31c009c968beea7160ae98b491475236ae2cddbc,64ee4f93f0ef95b6b370371b338fb8f666ce7df618d7162a127a037f4b10f492,EPIC-001_BTC-000,EPIC-001,BTC-000,tti_b9d622c68d486aa107a38a16,tti_b90c9baffffc9dae58d1f33f,Buy,0.00000401,200.0,0.000802,0.0,0.00000000,0.00000000,0.00000000,0.00000000,Cancelled,0,2021-03-12 12:33:16,1615552396,44.734
178,vite_15d3230e3c31c009c968beea7160ae98b491475236ae2cddbc,008fe0c3c5e6a5d0dc68bdfb23f9178ba887614c79a5a3d913cc2714ecc68991,EPIC-001_BTC-000,EPIC-001,BTC-000,tti_b9d622c68d486aa107a38a16,tti_b90c9baffffc9dae58d1f33f,Sell,0.00000832,200.0,0.001664,0.0,0.00000000,0.00000000,0.00000000,0.00000000,Cancelled,0,2021-03-12 12:32:10,1615552330,92.815
179,vite_15d3230e3c31c009c968beea7160ae98b491475236ae2cddbc,eb9ef21ad5fd9b4a15a001f25d94e612bb293cff5285852b4cf199f1d3e3172b,EPIC-001_BTC-000,EPIC-001,BTC-000,tti_b9d622c68d486aa107a38a16,tti_b90c9baffffc9dae58d1f33f,Buy,0.00000401,200.0,0.000802,0.0,0.00000000,0.00000000,0.00000000,0.00000000,Cancelled,0,2021-03-12 12:32:10,1615552330,44.734
180,vite_15d3230e3c31c009c968beea7160ae98b491475236ae2cddbc,2964e77abdf2311b55517a1a4b1692f3794a8a8adb1274ce0209706afaa1eef4,EPIC-001_BTC-000,EPIC-001,BTC-000,tti_b9d622c68d486aa107a38a16,tti_b90c9baffffc9dae58d1f33f,Buy,0.00000402,200.0,0.000804,0.0,0.00000000,0.00000000,0.00000000,0.00000000,Cancelled,0,2021-03-12 12:31:06,1615552266,44.846
181,vite_15d3230e3c31c009c968beea7160ae98b491475236ae2cddbc,1e65599501b759e55d3b19c6592a3d9402df7b5c1d56bfe37fc0c70220c4a0f2,EPIC-001_BTC-000,EPIC-001,BTC-000,tti_b9d622c68d486aa107a38a16,tti_b90c9baffffc9dae58d1f33f,Buy,0.00000401,200.0,0.000802,0.0,0.00000000,0.00000000,0.00000000,0.00000000,Cancelled,0,2021-03-12 12:29:58,1615552198,45.272
182,vite_15d3230e3c31c009c968beea7160ae98b491475236ae2cddbc,5ff64c6caf99ba7fc0a7b9fe0b89d4982eac48b0f927b9326455383dbeb7023c,EPIC-001_BTC-000,EPIC-001,BTC-000,tti_b9d622c68d486aa107a38a16,tti_b90c9baffffc9dae58d1f33f,Sell,0.00000832,200.0,0.001664,0.0,0.00000000,0.00000000,0.00000000,0.00000000,Cancelled,0,2021-03-12 12:29:58,1615552198,93.931
183,vite_15d3230e3c31c009c968beea7160ae98b491475236ae2cddbc,62b8b307fb4d954be4026fed21c01660051d9436cd7eadf38e419dbd7eb1aa25,EPIC-001_BTC-000,EPIC-001,BTC-000,tti_b9d622c68d486aa107a38a16,tti_b90c9baffffc9dae58d1f33f,Buy,0.00000401,200.0,0.000802,0.0,0.00000000,0.00000000,0.00000000,0.00000000,Cancelled,0,2021-03-12 12:28:52,1615552132,45.272
184,vite_15d3230e3c31c009c968beea7160ae98b491475236ae2cddbc,9d39683b00239a067ca0538651709dd21ac30014552853dd7d92d75e201b88c2,EPIC-001_BTC-000,EPIC-001,BTC-000,tti_b9d622c68d486aa107a38a16,tti_b90c9baffffc9dae58d1f33f,Buy,0.00000401,200.0,0.000802,0.0,0.00000000,0.00000000,0.00000000,0.00000000,Cancelled,0,2021-03-12 12:27:47,1615552067,45.272
185,vite_15d3230e3c31c009c968beea7160ae98b491475236ae2cddbc,49201867c2040dc4dad6fbc09b6fb79e656ea049d72a077322ea31f458598894,EPIC-001_BTC-000,EPIC-001,BTC-000,tti_b9d622c68d486aa107a38a16,tti_b90c9baffffc9dae58d1f33f,Sell,0.00000832,200.0,0.001664,0.0,0.00000000,0.00000000,0.00000000,0.00000000,Cancelled,0,2021-03-12 12:27:46,1615552066,93.931
186,vite_15d3230e3c31c009c968beea7160ae98b491475236ae2cddbc,8106e80e11c92605730bdda88e89adfcf9331aa09b26fe498ad1a57ed99ff5b2,EPIC-001_BTC-000,EPIC-001,BTC-000,tti_b9d622c68d486aa107a38a16,tti_b90c9baffffc9dae58d1f33f,Sell,0.00000832,200.0,0.001664,0.0,0.00000000,0.00000000,0.00000000,0.00000000,Cancelled,0,2021-03-12 12:26:40,1615552000,93.931
187,vite_15d3230e3c31c009c968beea7160ae98b491475236ae2cddbc,bcfd8b487e344a4cb5d6827bc1d6ad8b829e3d341609b7d8ff238306701b2274,EPIC-001_BTC-000,EPIC-001,BTC-000,tti_b9d622c68d486aa107a38a16,tti_b90c9baffffc9dae58d1f33f,Sell,0.00000832,200.0,0.001664,0.0,0.00000000,0.00000000,0.00000000,0.00000000,Cancelled,0,2021-03-12 12:25:34,1615551934,93.931
188,vite_15d3230e3c31c009c968beea7160ae98b491475236ae2cddbc,f87aba14348d2fbfc0b2daf60f317cc06596ddf2a59398a94a939b8094213939,EPIC-001_BTC-000,EPIC-001,BTC-000,tti_b9d622c68d486aa107a38a16,tti_b90c9baffffc9dae58d1f33f,Buy,0.00000401,200.0,0.000802,0.0,0.00000000,0.00000000,0.00000000,0.00000000,Cancelled,0,2021-03-12 12:25:34,1615551934,45.272
189,vite_15d3230e3c31c009c968beea7160ae98b491475236ae2cddbc,5e78c2fbb87a79c5f02bfe4cb1b20bae0df49595981242280daba3d6c6f1f84b,EPIC-001_BTC-000,EPIC-001,BTC-000,tti_b9d622c68d486aa107a38a16,tti_b90c9baffffc9dae58d1f33f,Sell,0.00000897,765.0,0.00686205,0.0,0.00000000,0.00000000,0.00000000,0.00000000,Cancelled,0,2021-03-12 06:56:23,1615532183,389.637
